<?xml version="1.0" encoding="UTF-8" standalone="yes"?>
<addon id="virtual.rpi-tools"
       name="Raspberry Pi Tools"
       version="8.2.104"
       provider-name="Team LibreELEC">
  <requires>
    <import addon="xbmc.python" version="3.0.0"/>

  </requires>
  <extension point="xbmc.python.script" library="default.py" />
  <extension point="xbmc.python.module" library="lib/">
  </extension>
  <extension point="xbmc.addon.metadata">
    <summary>A bundle of tools and programs for use on the Raspberry Pi</summary>
    <description>
This bundle currently includes RPi.GPIO, picamera, gpiozero lan951x-led-ctl
    </description>
    <disclaimer>

    </disclaimer>
    <platform>all</platform>
    <news>
8.0.102
- move Adafruit modules to adafruit-libraries

8.0.101
- add Adafruit python modules (LED_Backpack, GPIO, PureIO)

8.0.100
- Initial Release
    </news>
    <assets>
      <icon>resources/icon.png</icon>
      <fanart>resources/fanart.png</fanart>

    </assets>
  </extension>
</addon>
